<?xml version="1.0" encoding="UTF-8"?>
<teamcity-plugin xmlns:xsi="http://www.w3.org/2001/XMLSchema-instance"
                 xsi:noNamespaceSchemaLocation="urn:shemas-jetbrains-com:teamcity-plugin-v1-xml">
  <info>
    <name>jetbrains.git</name>
    <display-name>VCS support: Git</display-name>
    <version>SNAPSHOT-20130920114414</version>
    <description></description>
    <vendor>
      <name>JetBrains, s.r.o.</name>
      <url>http://www.jetbrains.com</url>
    </vendor>
  </info>
  <deployment use-separate-classloader="false"/>
</teamcity-plugin>
